Name,Winrate,KDA,Rank
Maokai,54.0,2.21,Iron
Sion,53.82,1.63,Iron
Yorick,53.63,1.7,Iron
Zyra,53.28,1.98,Iron
Rammus,53.23,2.37,Iron
Shyvana,52.95,2.1,Iron
Trundle,52.88,2.07,Iron
Illaoi,52.78,1.5,Iron
Urgot,52.71,1.79,Iron
Swain,52.38,2.15,Iron
Dr. Mundo,52.26,2.13,Iron
Draven,52.14,2.1,Iron
Brand,52.13,1.79,Iron
Xerath,52.05,2.34,Iron
Miss Fortune,51.87,2.09,Iron
Nocturne,51.83,2.13,Iron
Nasus,51.55,1.86,Iron
Zac,51.51,2.87,Iron
Sejuani,51.49,2.43,Iron
Sett,51.48,1.71,Iron
Veigar,51.4,2.06,Iron
Vi,51.4,1.96,Iron
Master Yi,51.33,1.69,Iron
Morgana,51.3,2.25,Iron
Lux,51.23,2.28,Iron
Garen,51.23,1.95,Iron
Ornn,51.19,1.96,Iron
Heimerdinger,51.14,1.65,Iron
Malzahar,51.11,1.97,Iron
Volibear,50.97,1.98,Iron
Amumu,50.97,2.17,Iron
Warwick,50.94,1.93,Iron
Fizz,50.88,2.16,Iron
Blitzcrank,50.85,2.21,Iron
Teemo,50.83,1.63,Iron
Singed,50.8,1.72,Iron
Yone,50.68,1.68,Iron
Neeko,50.61,2.03,Iron
Nami,50.57,2.78,Iron
Leona,50.52,2.1,Iron
Diana,50.42,2.0,Iron
Samira,50.31,1.93,Iron
Vel'Koz,50.21,2.06,Iron
Ziggs,50.2,1.96,Iron
Lillia,50.17,2.04,Iron
Yasuo,50.15,1.58,Iron
Kayle,49.94,1.69,Iron
Nautilus,49.93,2.13,Iron
Viego,49.88,1.9,Iron
Shen,49.73,2.43,Iron
Malphite,49.7,2.14,Iron
Sivir,49.7,1.99,Iron
Karthus,49.68,1.94,Iron
Shaco,49.66,2.21,Iron
Twitch,49.63,2.06,Iron
Ekko,49.51,1.97,Iron
Rell,49.5,2.09,Iron
Udyr,49.47,1.88,Iron
Viktor,49.4,1.94,Iron
Kog'Maw,49.39,1.94,Iron
Mordekaiser,49.33,1.72,Iron
Seraphine,49.31,2.24,Iron
Tristana,49.29,1.91,Iron
Sona,49.28,2.59,Iron
Pyke,49.25,2.01,Iron
Senna,49.23,2.33,Iron
Zilean,49.22,2.29,Iron
Akshan,49.19,1.85,Iron
Cassiopeia,49.16,1.86,Iron
Lissandra,49.16,1.92,Iron
Hecarim,49.04,2.35,Iron
Jhin,49.03,2.36,Iron
Kai'Sa,49.02,2.02,Iron
Kayn,48.9,1.87,Iron
Annie,48.86,1.91,Iron
Quinn,48.84,1.68,Iron
Irelia,48.78,1.63,Iron
Alistar,48.73,2.06,Iron
Vayne,48.66,1.7,Iron
Lucian,48.61,1.94,Iron
Akali,48.59,1.99,Iron
Jax,48.52,1.57,Iron
Kassadin,48.41,1.95,Iron
Galio,48.36,2.06,Iron
Tryndamere,48.3,1.67,Iron
Cho'Gath,48.27,1.92,Iron
Graves,48.26,1.82,Iron
Katarina,48.24,1.95,Iron
Anivia,48.2,2.13,Iron
Rakan,48.15,2.35,Iron
Aurelion Sol,48.14,1.74,Iron
Janna,48.12,2.58,Iron
Jinx,48.11,1.91,Iron
Ashe,48.03,1.97,Iron
Fiora,47.99,1.69,Iron
Renata Glasc,47.99,2.19,Iron
Braum,47.97,2.34,Iron
Kha'Zix,47.89,1.92,Iron
Vladimir,47.87,1.78,Iron
Tahm Kench,47.78,2.11,Iron
Nunu & Willump,47.73,2.18,Iron
Ahri,47.72,1.95,Iron
Aphelios,47.68,1.74,Iron
Wukong,47.64,1.92,Iron
Lulu,47.53,2.35,Iron
Varus,47.35,1.89,Iron
Xayah,47.24,1.85,Iron
Ezreal,47.23,1.96,Iron
Sylas,46.99,1.74,Iron
Kalista,46.99,1.85,Iron
Kennen,46.93,1.75,Iron
Pantheon,46.89,1.82,Iron
Vex,46.87,1.92,Iron
Corki,46.8,1.77,Iron
Kled,46.79,2.01,Iron
Orianna,46.76,2.14,Iron
Skarner,46.64,2.07,Iron
Zoe,46.62,1.95,Iron
Darius,46.61,1.61,Iron
Rumble,46.37,1.8,Iron
Caitlyn,46.34,1.84,Iron
Jarvan IV,46.31,2.52,Iron
Xin Zhao,46.27,1.77,Iron
Qiyana,46.15,1.75,Iron
Gnar,46.15,1.64,Iron
Renekton,46.02,1.63,Iron
Camille,45.96,1.59,Iron
Syndra,45.95,1.92,Iron
Zed,45.91,1.89,Iron
Rengar,45.72,1.73,Iron
Poppy,45.72,1.82,Iron
Bard,45.72,2.23,Iron
Zeri,45.69,1.87,Iron
Gangplank,45.58,1.7,Iron
Fiddlesticks,45.51,1.91,Iron
Kindred,45.48,1.69,Iron
Elise,45.48,1.8,Iron
Ivern,45.48,2.08,Iron
Soraka,45.47,2.09,Iron
Evelynn,45.4,2.0,Iron
Talon,45.38,1.76,Iron
Karma,44.89,2.11,Iron
LeBlanc,44.89,2.15,Iron
Taliyah,44.57,1.84,Iron
Thresh,44.44,1.95,Iron
Riven,44.44,1.55,Iron
Gwen,44.34,1.46,Iron
Aatrox,44.24,1.46,Iron
Jayce,43.85,1.64,Iron
Nidalee,43.8,1.85,Iron
Gragas,43.65,1.73,Iron
Lee Sin,43.31,1.88,Iron
Olaf,43.01,1.58,Iron
Azir,42.76,1.41,Iron
Twisted Fate,41.79,1.52,Iron
Taric,41.7,1.68,Iron
Rek'Sai,41.35,1.59,Iron
Ryze,40.94,1.56,Iron
Yuumi,39.28,3.15,Iron
Yorick,53.69,1.7,Bronze
Zyra,52.73,2.11,Bronze
Urgot,52.72,1.95,Bronze
Dr. Mundo,52.68,2.35,Bronze
Garen,52.58,2.16,Bronze
Zac,52.54,3.24,Bronze
Trundle,52.41,2.23,Bronze
Rammus,52.23,2.59,Bronze
Shyvana,52.17,2.35,Bronze
Amumu,51.95,2.46,Bronze
Veigar,51.94,2.25,Bronze
Malzahar,51.85,2.15,Bronze
Fizz,51.81,2.4,Bronze
Brand,51.74,1.88,Bronze
Nocturne,51.63,2.38,Bronze
Illaoi,51.62,1.54,Bronze
Swain,51.62,2.3,Bronze
Miss Fortune,51.59,2.29,Bronze
Vi,51.54,2.19,Bronze
Sion,51.52,1.53,Bronze
Sona,51.52,2.8,Bronze
Master Yi,51.48,1.85,Bronze
Volibear,51.37,2.22,Bronze
Sett,51.27,1.81,Bronze
Ziggs,51.27,2.27,Bronze
Lillia,51.19,2.3,Bronze
Yasuo,51.17,1.71,Bronze
Kayle,51.09,1.87,Bronze
Nasus,51.06,2.02,Bronze
Singed,50.95,1.8,Bronze
Teemo,50.93,1.74,Bronze
Blitzcrank,50.81,2.4,Bronze
Neeko,50.78,2.22,Bronze
Nami,50.77,3.01,Bronze
Diana,50.74,2.16,Bronze
Sivir,50.69,2.35,Bronze
Lux,50.64,2.48,Bronze
Sejuani,50.64,2.79,Bronze
Xerath,50.63,2.54,Bronze
Samira,50.62,2.12,Bronze
Karthus,50.61,2.18,Bronze
Yone,50.59,1.79,Bronze
Ornn,50.45,2.19,Bronze
Warwick,50.42,2.1,Bronze
Morgana,50.39,2.43,Bronze
Janna,50.37,2.87,Bronze
Maokai,50.34,2.24,Bronze
Tristana,50.3,2.18,Bronze
Shaco,50.3,2.47,Bronze
Viktor,50.28,2.14,Bronze
Cho'Gath,50.2,2.14,Bronze
Nautilus,50.16,2.37,Bronze
Rell,50.1,2.27,Bronze
Mordekaiser,50.03,1.89,Bronze
Kog'Maw,50.01,2.07,Bronze
Jhin,50.0,2.69,Bronze
Vel'Koz,49.92,2.22,Bronze
Heimerdinger,49.9,1.74,Bronze
Anivia,49.89,2.32,Bronze
Zilean,49.89,2.65,Bronze
Akshan,49.73,2.0,Bronze
Soraka,49.67,2.52,Bronze
Shen,49.67,2.73,Bronze
Ekko,49.66,2.25,Bronze
Vayne,49.63,1.9,Bronze
Malphite,49.62,2.36,Bronze
Leona,49.53,2.32,Bronze
Wukong,49.46,2.12,Bronze
Cassiopeia,49.43,1.95,Bronze
Draven,49.42,2.05,Bronze
Annie,49.39,2.16,Bronze
Skarner,49.39,2.42,Bronze
Viego,49.36,2.1,Bronze
Irelia,49.34,1.76,Bronze
Twitch,49.33,2.25,Bronze
Ashe,49.26,2.25,Bronze
Tahm Kench,49.25,2.4,Bronze
Senna,49.23,2.46,Bronze
Quinn,49.23,1.84,Bronze
Kled,49.17,2.21,Bronze
Galio,49.1,2.35,Bronze
Renata Glasc,49.08,2.39,Bronze
Hecarim,49.06,2.61,Bronze
Seraphine,49.02,2.37,Bronze
Lissandra,48.97,2.17,Bronze
Xayah,48.84,2.18,Bronze
Katarina,48.83,2.11,Bronze
Alistar,48.77,2.36,Bronze
Kayn,48.76,2.09,Bronze
Tryndamere,48.76,1.8,Bronze
Pyke,48.75,2.1,Bronze
Graves,48.62,2.04,Bronze
Lucian,48.6,2.17,Bronze
Ahri,48.56,2.23,Bronze
Udyr,48.52,2.17,Bronze
Jax,48.47,1.68,Bronze
Nunu & Willump,48.43,2.5,Bronze
Akali,48.36,2.19,Bronze
Jinx,48.23,2.17,Bronze
Kai'Sa,48.08,2.2,Bronze
Rakan,47.99,2.58,Bronze
Poppy,47.98,2.22,Bronze
Fiddlesticks,47.94,2.25,Bronze
Jarvan IV,47.88,2.78,Bronze
Fiora,47.74,1.72,Bronze
Braum,47.63,2.62,Bronze
Kalista,47.55,2.05,Bronze
Aurelion Sol,47.53,2.07,Bronze
Pantheon,47.43,1.98,Bronze
Kennen,47.36,1.99,Bronze
Kha'Zix,47.35,2.15,Bronze
Vladimir,47.34,2.0,Bronze
Darius,47.23,1.73,Bronze
Corki,47.21,1.96,Bronze
Vex,47.05,2.12,Bronze
Syndra,47.02,2.15,Bronze
Zed,47.01,2.08,Bronze
Kassadin,47.01,2.14,Bronze
Lulu,46.98,2.66,Bronze
Varus,46.96,2.13,Bronze
Xin Zhao,46.93,1.98,Bronze
Caitlyn,46.86,2.07,Bronze
Karma,46.86,2.4,Bronze
Ezreal,46.84,2.21,Bronze
Rumble,46.57,1.99,Bronze
Evelynn,46.56,2.4,Bronze
Taric,46.51,2.31,Bronze
Sylas,46.46,1.94,Bronze
Camille,46.41,1.76,Bronze
Gnar,46.36,1.8,Bronze
Elise,46.24,2.08,Bronze
Bard,46.23,2.51,Bronze
Zeri,46.04,2.09,Bronze
Yuumi,45.99,3.94,Bronze
Orianna,45.94,2.37,Bronze
Talon,45.88,1.94,Bronze
Kindred,45.78,1.86,Bronze
Aphelios,45.77,1.87,Bronze
Gangplank,45.73,1.85,Bronze
Ivern,45.67,2.47,Bronze
Riven,45.63,1.78,Bronze
Rengar,45.58,1.86,Bronze
Jayce,45.53,1.79,Bronze
Zoe,45.52,2.13,Bronze
Aatrox,45.13,1.71,Bronze
Qiyana,45.12,1.9,Bronze
LeBlanc,44.96,2.4,Bronze
Taliyah,44.79,2.02,Bronze
Rek'Sai,44.58,1.95,Bronze
Renekton,44.19,1.73,Bronze
Gragas,44.17,1.97,Bronze
Thresh,44.12,2.21,Bronze
Twisted Fate,43.89,1.77,Bronze
Olaf,43.8,1.81,Bronze
Lee Sin,43.59,2.14,Bronze
Nidalee,43.4,2.07,Bronze
Gwen,42.7,1.58,Bronze
Azir,42.69,1.69,Bronze
Ryze,41.87,1.82,Bronze
Garen,54.26,2.2,Silver
Sona,53.76,2.94,Silver
Soraka,53.36,2.75,Silver
Veigar,53.16,2.32,Silver
Nocturne,53.09,2.57,Silver
Dr. Mundo,53.06,2.33,Silver
Zyra,53.02,2.09,Silver
Kayle,52.95,1.93,Silver
Shyvana,52.94,2.54,Silver
Yorick,52.88,1.58,Silver
Zac,52.83,3.42,Silver
Trundle,52.78,2.27,Silver
Rammus,52.68,2.79,Silver
Fizz,52.66,2.41,Silver
Urgot,52.59,1.93,Silver
Janna,52.58,3.1,Silver
Ziggs,52.48,2.34,Silver
Illaoi,52.38,1.46,Silver
Malzahar,52.25,2.13,Silver
Miss Fortune,52.24,2.33,Silver
Nami,52.23,3.15,Silver
Vi,52.1,2.31,Silver
Vayne,52.09,2.01,Silver
Amumu,52.07,2.58,Silver
Warwick,52.04,2.24,Silver
Anivia,51.98,2.46,Silver
Mordekaiser,51.96,1.97,Silver
Volibear,51.83,2.28,Silver
Neeko,51.83,2.27,Silver
Nasus,51.81,2.02,Silver
Sivir,51.79,2.47,Silver
Sett,51.73,1.82,Silver
Brand,51.71,1.85,Silver
Blitzcrank,51.7,2.5,Silver
Master Yi,51.64,1.92,Silver
Diana,51.57,2.26,Silver
Viktor,51.45,2.22,Silver
Akshan,51.42,2.07,Silver
Shaco,51.39,2.6,Silver
Xerath,51.39,2.63,Silver
Ornn,51.38,2.27,Silver
Tristana,51.37,2.26,Silver
Lux,51.32,2.6,Silver
Teemo,51.29,1.72,Silver
Yasuo,51.27,1.69,Silver
Jhin,51.24,2.8,Silver
Sejuani,51.23,3.01,Silver
Cassiopeia,51.19,1.98,Silver
Heimerdinger,51.18,1.76,Silver
Swain,51.11,2.3,Silver
Quinn,51.1,1.87,Silver
Zilean,51.06,2.9,Silver
Annie,51.0,2.27,Silver
Lillia,50.94,2.38,Silver
Samira,50.92,2.19,Silver
Renata Glasc,50.9,2.57,Silver
Yone,50.85,1.78,Silver
Malphite,50.83,2.45,Silver
Shen,50.83,2.86,Silver
Cho'Gath,50.83,2.18,Silver
Kog'Maw,50.83,2.12,Silver
Vel'Koz,50.81,2.3,Silver
Ashe,50.8,2.35,Silver
Kled,50.76,2.26,Silver
Morgana,50.74,2.5,Silver
Senna,50.69,2.52,Silver
Nunu & Willump,50.63,2.73,Silver
Nautilus,50.62,2.44,Silver
Ekko,50.59,2.38,Silver
Sion,50.55,1.41,Silver
Twitch,50.52,2.31,Silver
Ahri,50.49,2.37,Silver
Singed,50.41,1.88,Silver
Hecarim,50.36,2.84,Silver
Kha'Zix,50.26,2.37,Silver
Irelia,50.23,1.74,Silver
Tahm Kench,50.11,2.52,Silver
Maokai,50.09,2.25,Silver
Kayn,50.04,2.23,Silver
Wukong,50.02,2.18,Silver
Viego,49.96,2.22,Silver
Pyke,49.94,2.17,Silver
Vladimir,49.93,2.15,Silver
Fiddlesticks,49.84,2.5,Silver
Udyr,49.79,2.32,Silver
Rell,49.79,2.37,Silver
Xayah,49.73,2.27,Silver
Jinx,49.69,2.27,Silver
Skarner,49.69,2.57,Silver
Alistar,49.66,2.48,Silver
Aurelion Sol,49.64,2.25,Silver
Lucian,49.58,2.24,Silver
Leona,49.58,2.41,Silver
Lissandra,49.58,2.23,Silver
Fiora,49.56,1.71,Silver
Tryndamere,49.55,1.77,Silver
Karthus,49.43,2.19,Silver
Taric,49.38,2.65,Silver
Katarina,49.32,2.14,Silver
Lulu,49.3,2.92,Silver
Poppy,49.28,2.36,Silver
Pantheon,49.25,2.06,Silver
Draven,49.16,2.0,Silver
Seraphine,49.12,2.47,Silver
Vex,49.11,2.25,Silver
Galio,49.1,2.41,Silver
Yuumi,49.06,4.16,Silver
Graves,49.05,2.07,Silver
Akali,49.03,2.24,Silver
Zed,49.02,2.17,Silver
Riven,48.98,1.91,Silver
Kassadin,48.95,2.23,Silver
Jax,48.9,1.64,Silver
Braum,48.88,2.77,Silver
Darius,48.8,1.76,Silver
Evelynn,48.77,2.67,Silver
Camille,48.73,1.84,Silver
Jarvan IV,48.72,2.95,Silver
Xin Zhao,48.58,2.13,Silver
Ivern,48.56,2.85,Silver
Rakan,48.44,2.71,Silver
Karma,48.32,2.54,Silver
Kai'Sa,48.27,2.23,Silver
Sylas,48.07,2.0,Silver
Ezreal,48.06,2.28,Silver
Bard,48.05,2.71,Silver
Kennen,48.05,2.01,Silver
Caitlyn,47.92,2.16,Silver
Elise,47.92,2.27,Silver
Taliyah,47.84,2.17,Silver
Talon,47.79,2.05,Silver
Gnar,47.75,1.83,Silver
Kalista,47.72,2.13,Silver
Kindred,47.6,1.99,Silver
Syndra,47.58,2.15,Silver
Corki,47.45,2.01,Silver
Rek'Sai,47.3,2.24,Silver
Varus,47.29,2.19,Silver
Zeri,47.27,2.16,Silver
Rengar,47.27,2.0,Silver
Orianna,47.24,2.43,Silver
Aatrox,47.16,1.85,Silver
Qiyana,47.06,2.02,Silver
Jayce,46.85,1.83,Silver
Gangplank,46.69,1.9,Silver
Zoe,46.66,2.28,Silver
LeBlanc,46.53,2.52,Silver
Rumble,46.38,2.06,Silver
Gragas,46.05,2.13,Silver
Twisted Fate,45.92,1.95,Silver
Olaf,45.75,1.95,Silver
Renekton,45.69,1.79,Silver
Thresh,45.4,2.38,Silver
Aphelios,45.05,1.87,Silver
Nidalee,45.03,2.28,Silver
Lee Sin,44.95,2.34,Silver
Gwen,43.78,1.66,Silver
Azir,43.6,1.85,Silver
Ryze,43.01,1.89,Silver
Sona,54.01,2.98,Gold
Garen,53.76,2.09,Gold
Nocturne,53.62,2.67,Gold
Janna,53.57,3.21,Gold
Soraka,53.44,2.78,Gold
Kayle,52.77,1.9,Gold
Shyvana,52.7,2.61,Gold
Yorick,52.5,1.47,Gold
Veigar,52.46,2.3,Gold
Zyra,52.44,2.07,Gold
Urgot,52.43,1.91,Gold
Quinn,52.4,1.87,Gold
Vayne,52.31,2.05,Gold
Warwick,52.31,2.25,Gold
Fizz,52.28,2.38,Gold
Nami,52.21,3.19,Gold
Illaoi,52.17,1.35,Gold
Anivia,52.14,2.47,Gold
Tahm Kench,52.08,2.56,Gold
Renata Glasc,52.04,2.7,Gold
Zac,52.02,3.45,Gold
Trundle,52.01,2.27,Gold
Vi,52.01,2.38,Gold
Rammus,51.97,2.89,Gold
Ornn,51.94,2.31,Gold
Neeko,51.9,2.22,Gold
Volibear,51.86,2.29,Gold
Akshan,51.79,2.05,Gold
Ziggs,51.78,2.36,Gold
Senna,51.75,2.57,Gold
Kha'Zix,51.73,2.52,Gold
Mordekaiser,51.73,1.93,Gold
Zilean,51.7,3.04,Gold
Blitzcrank,51.68,2.53,Gold
Dr. Mundo,51.68,2.25,Gold
Cassiopeia,51.55,1.97,Gold
Jhin,51.49,2.85,Gold
Malzahar,51.47,2.1,Gold
Miss Fortune,51.43,2.31,Gold
Ashe,51.43,2.4,Gold
Sejuani,51.41,3.13,Gold
Diana,51.4,2.3,Gold
Singed,51.4,1.96,Gold
Shen,51.39,2.9,Gold
Cho'Gath,51.39,2.16,Gold
Shaco,51.38,2.65,Gold
Sivir,51.25,2.46,Gold
Nunu & Willump,51.21,2.82,Gold
Kog'Maw,51.21,2.12,Gold
Nasus,51.18,1.94,Gold
Samira,51.14,2.2,Gold
Ahri,51.11,2.45,Gold
Riven,51.1,1.97,Gold
Tristana,51.09,2.29,Gold
Nautilus,50.97,2.45,Gold
Xayah,50.97,2.31,Gold
Twitch,50.95,2.31,Gold
Malphite,50.94,2.44,Gold
Amumu,50.9,2.57,Gold
Annie,50.9,2.27,Gold
Viktor,50.87,2.21,Gold
Aurelion Sol,50.85,2.37,Gold
Lucian,50.8,2.27,Gold
Heimerdinger,50.8,1.8,Gold
Teemo,50.76,1.67,Gold
Vel'Koz,50.76,2.31,Gold
Xerath,50.74,2.66,Gold
Sett,50.7,1.75,Gold
Lux,50.66,2.62,Gold
Kled,50.65,2.24,Gold
Fiddlesticks,50.59,2.61,Gold
Ekko,50.51,2.45,Gold
Zed,50.45,2.22,Gold
Yasuo,50.38,1.66,Gold
Master Yi,50.32,1.92,Gold
Skarner,50.31,2.7,Gold
Yone,50.29,1.74,Gold
Hecarim,50.28,2.93,Gold
Brand,50.28,1.79,Gold
Fiora,50.27,1.68,Gold
Kayn,50.26,2.29,Gold
Morgana,50.26,2.51,Gold
Vladimir,50.21,2.24,Gold
Swain,50.2,2.29,Gold
Maokai,50.14,2.19,Gold
Lulu,50.06,3.05,Gold
Irelia,50.04,1.68,Gold
Lillia,50.04,2.44,Gold
Jinx,50.01,2.3,Gold
Talon,49.97,2.13,Gold
Udyr,49.83,2.41,Gold
Kassadin,49.81,2.32,Gold
Vex,49.8,2.34,Gold
Pyke,49.74,2.17,Gold
Sion,49.72,1.33,Gold
Draven,49.7,1.98,Gold
Lissandra,49.68,2.27,Gold
Bard,49.67,2.87,Gold
Wukong,49.6,2.13,Gold
Seraphine,49.55,2.55,Gold
Alistar,49.55,2.51,Gold
Pantheon,49.51,2.05,Gold
Darius,49.48,1.75,Gold
Camille,49.48,1.85,Gold
Rell,49.48,2.38,Gold
Tryndamere,49.46,1.74,Gold
Poppy,49.43,2.39,Gold
Jarvan IV,49.36,3.06,Gold
Evelynn,49.35,2.8,Gold
Katarina,49.26,2.18,Gold
Karthus,49.22,2.21,Gold
Rek'Sai,49.17,2.38,Gold
Viego,49.15,2.26,Gold
Graves,49.14,2.09,Gold
Ivern,49.08,3.08,Gold
Galio,49.06,2.44,Gold
Taliyah,49.05,2.28,Gold
Akali,48.96,2.23,Gold
Leona,48.96,2.4,Gold
Braum,48.96,2.82,Gold
Rakan,48.95,2.83,Gold
Yuumi,48.94,4.09,Gold
Karma,48.93,2.63,Gold
Aatrox,48.93,1.92,Gold
Sylas,48.88,2.03,Gold
Qiyana,48.81,2.08,Gold
Elise,48.7,2.38,Gold
Xin Zhao,48.68,2.19,Gold
Taric,48.64,2.66,Gold
Rengar,48.58,2.06,Gold
Kindred,48.47,2.06,Gold
Jax,48.45,1.57,Gold
Caitlyn,48.37,2.19,Gold
Gnar,48.32,1.83,Gold
Kennen,48.25,2.01,Gold
Orianna,48.08,2.5,Gold
Kalista,47.91,2.14,Gold
Kai'Sa,47.89,2.26,Gold
Ezreal,47.76,2.28,Gold
Rumble,47.75,2.16,Gold
Zeri,47.67,2.2,Gold
Corki,47.6,2.05,Gold
Syndra,47.51,2.14,Gold
Zoe,47.5,2.35,Gold
Varus,47.39,2.2,Gold
LeBlanc,47.32,2.57,Gold
Gangplank,47.17,1.91,Gold
Jayce,47.14,1.79,Gold
Gragas,46.97,2.19,Gold
Renekton,46.58,1.78,Gold
Azir,46.28,1.99,Gold
Nidalee,46.19,2.45,Gold
Twisted Fate,46.18,2.03,Gold
Olaf,45.96,2.05,Gold
Lee Sin,45.83,2.45,Gold
Thresh,45.56,2.45,Gold
Aphelios,44.05,1.85,Gold
Gwen,43.95,1.69,Gold
Ryze,43.09,1.91,Gold
Janna,53.9,3.31,Platinum
Soraka,53.08,2.8,Platinum
Nocturne,52.75,2.72,Platinum
Fizz,52.71,2.42,Platinum
Garen,52.69,2.01,Platinum
Sona,52.69,2.96,Platinum
Renata Glasc,52.51,2.79,Platinum
Quinn,52.37,1.86,Platinum
Vayne,52.22,2.05,Platinum
Anivia,52.19,2.48,Platinum
Shen,52.17,2.92,Platinum
Kha'Zix,52.07,2.61,Platinum
Kayle,52.04,1.87,Platinum
Akshan,51.94,2.07,Platinum
Aurelion Sol,51.92,2.49,Platinum
Riven,51.88,1.98,Platinum
Senna,51.87,2.62,Platinum
Heimerdinger,51.82,1.82,Platinum
Cassiopeia,51.81,1.97,Platinum
Veigar,51.77,2.29,Platinum
Rammus,51.68,2.95,Platinum
Singed,51.66,2.12,Platinum
Maokai,51.58,2.19,Platinum
Nami,51.57,3.21,Platinum
Ziggs,51.56,2.42,Platinum
Shyvana,51.5,2.6,Platinum
Vi,51.5,2.44,Platinum
Ornn,51.49,2.35,Platinum
Zilean,51.47,3.13,Platinum
Neeko,51.46,2.22,Platinum
Rek'Sai,51.45,2.52,Platinum
Ahri,51.43,2.55,Platinum
Ashe,51.42,2.42,Platinum
Blitzcrank,51.41,2.54,Platinum
Tahm Kench,51.41,2.57,Platinum
Kog'Maw,51.39,2.14,Platinum
Kled,51.37,2.23,Platinum
Fiddlesticks,51.36,2.73,Platinum
Jhin,51.35,2.89,Platinum
Volibear,51.35,2.35,Platinum
Zac,51.3,3.44,Platinum
Malzahar,51.29,2.09,Platinum
Illaoi,51.29,1.27,Platinum
Warwick,51.25,2.23,Platinum
Diana,51.23,2.38,Platinum
Trundle,51.2,2.22,Platinum
Yorick,51.15,1.43,Platinum
Zyra,51.0,2.06,Platinum
Lucian,50.97,2.24,Platinum
Mordekaiser,50.95,1.88,Platinum
Skarner,50.94,2.87,Platinum
Shaco,50.88,2.69,Platinum
Annie,50.85,2.29,Platinum
Sejuani,50.8,3.11,Platinum
Twitch,50.78,2.29,Platinum
Talon,50.77,2.22,Platinum
Lulu,50.73,3.12,Platinum
Malphite,50.73,2.38,Platinum
Xayah,50.72,2.33,Platinum
Ekko,50.69,2.53,Platinum
Viktor,50.66,2.19,Platinum
Nunu & Willump,50.63,2.86,Platinum
Kassadin,50.6,2.37,Platinum
Urgot,50.6,1.87,Platinum
Zed,50.59,2.25,Platinum
Teemo,50.57,1.66,Platinum
Tristana,50.56,2.29,Platinum
Sett,50.55,1.74,Platinum
Fiora,50.53,1.65,Platinum
Vladimir,50.49,2.3,Platinum
Dr. Mundo,50.46,2.14,Platinum
Aatrox,50.44,1.96,Platinum
Taliyah,50.44,2.37,Platinum
Cho'Gath,50.43,2.07,Platinum
Qiyana,50.42,2.12,Platinum
Kayn,50.39,2.37,Platinum
Wukong,50.39,2.12,Platinum
Lissandra,50.32,2.31,Platinum
Nautilus,50.31,2.42,Platinum
Camille,50.28,1.86,Platinum
Katarina,50.23,2.26,Platinum
Bard,50.23,2.97,Platinum
Samira,50.22,2.21,Platinum
Hecarim,50.14,3.0,Platinum
Kindred,50.08,2.23,Platinum
Jinx,50.06,2.31,Platinum
Pyke,50.04,2.2,Platinum
Swain,50.02,2.35,Platinum
Darius,49.98,1.75,Platinum
Miss Fortune,49.98,2.28,Platinum
Seraphine,49.9,2.64,Platinum
Draven,49.89,1.98,Platinum
Rell,49.82,2.42,Platinum
Ivern,49.79,3.31,Platinum
Lillia,49.75,2.52,Platinum
Vel'Koz,49.71,2.34,Platinum
Yasuo,49.66,1.67,Platinum
Galio,49.6,2.53,Platinum
Lux,49.57,2.64,Platinum
Xerath,49.56,2.71,Platinum
Rumble,49.56,2.29,Platinum
Vex,49.54,2.36,Platinum
Rengar,49.53,2.15,Platinum
Udyr,49.49,2.56,Platinum
Brand,49.48,1.77,Platinum
Yone,49.47,1.69,Platinum
Elise,49.45,2.49,Platinum
Sivir,49.44,2.42,Platinum
Irelia,49.42,1.62,Platinum
Braum,49.41,2.87,Platinum
Evelynn,49.4,2.91,Platinum
Karma,49.39,2.72,Platinum
Sylas,49.38,2.06,Platinum
Alistar,49.38,2.54,Platinum
Tryndamere,49.34,1.74,Platinum
Pantheon,49.29,2.04,Platinum
Nasus,49.28,1.86,Platinum
Jarvan IV,49.2,3.13,Platinum
Master Yi,49.19,1.95,Platinum
Yuumi,49.06,4.1,Platinum
Morgana,49.06,2.5,Platinum
Amumu,49.06,2.49,Platinum
Zoe,49.06,2.45,Platinum
Poppy,49.05,2.36,Platinum
Viego,48.99,2.33,Platinum
Karthus,48.99,2.21,Platinum
Akali,48.98,2.22,Platinum
Taric,48.94,2.7,Platinum
Rakan,48.93,2.91,Platinum
Xin Zhao,48.88,2.25,Platinum
Jax,48.7,1.52,Platinum
Graves,48.67,2.14,Platinum
Gnar,48.44,1.82,Platinum
Sion,48.42,1.29,Platinum
Leona,48.16,2.37,Platinum
Caitlyn,48.14,2.19,Platinum
Gragas,48.09,2.2,Platinum
Orianna,48.0,2.49,Platinum
Kai'Sa,47.95,2.28,Platinum
Zeri,47.86,2.23,Platinum
Ezreal,47.78,2.28,Platinum
Nidalee,47.74,2.67,Platinum
Gangplank,47.7,1.93,Platinum
Syndra,47.7,2.1,Platinum
Twisted Fate,47.7,2.17,Platinum
Kalista,47.56,2.16,Platinum
Kennen,47.43,1.96,Platinum
LeBlanc,47.32,2.59,Platinum
Renekton,47.31,1.75,Platinum
Varus,47.0,2.2,Platinum
Lee Sin,46.95,2.57,Platinum
Azir,46.77,2.0,Platinum
Thresh,46.34,2.52,Platinum
Corki,46.31,2.04,Platinum
Jayce,46.24,1.7,Platinum
Olaf,46.2,2.09,Platinum
Gwen,44.35,1.67,Platinum
Aphelios,43.58,1.85,Platinum
Ryze,43.24,1.97,Platinum
Janna,54.28,3.4,Diamond
Aurelion Sol,54.01,2.76,Diamond
Shen,52.56,2.92,Diamond
Rammus,52.38,3.09,Diamond
Renata Glasc,52.33,2.9,Diamond
Soraka,52.32,2.8,Diamond
Heimerdinger,52.2,1.96,Diamond
Senna,52.19,2.7,Diamond
Fiddlesticks,52.17,2.84,Diamond
Kha'Zix,52.15,2.7,Diamond
Rek'Sai,52.06,2.56,Diamond
Cassiopeia,52.06,1.99,Diamond
Talon,52.04,2.34,Diamond
Ornn,52.01,2.38,Diamond
Bard,51.98,3.15,Diamond
Riven,51.94,1.97,Diamond
Nocturne,51.9,2.7,Diamond
Rell,51.9,2.47,Diamond
Singed,51.88,2.17,Diamond
Kindred,51.79,2.4,Diamond
Ahri,51.78,2.59,Diamond
Tahm Kench,51.46,2.52,Diamond
Shaco,51.38,2.78,Diamond
Maokai,51.38,2.09,Diamond
Kled,51.34,2.26,Diamond
Quinn,51.25,1.83,Diamond
Veigar,51.22,2.26,Diamond
Anivia,51.22,2.4,Diamond
Lucian,51.17,2.21,Diamond
Rengar,51.15,2.31,Diamond
Rumble,51.14,2.45,Diamond
Vi,51.08,2.42,Diamond
Ziggs,51.08,2.4,Diamond
Vayne,51.06,2.02,Diamond
Garen,51.06,1.93,Diamond
Kayle,51.0,1.83,Diamond
Nami,50.98,3.25,Diamond
Fiora,50.97,1.63,Diamond
Jhin,50.94,2.97,Diamond
Blitzcrank,50.93,2.56,Diamond
Trundle,50.89,2.31,Diamond
Sona,50.89,2.95,Diamond
Ashe,50.87,2.45,Diamond
Akshan,50.87,2.05,Diamond
Nunu & Willump,50.83,2.89,Diamond
Fizz,50.82,2.35,Diamond
Poppy,50.81,2.36,Diamond
Lissandra,50.74,2.38,Diamond
Elise,50.72,2.63,Diamond
Zac,50.68,3.39,Diamond
Diana,50.67,2.45,Diamond
Illaoi,50.67,1.24,Diamond
Nidalee,50.66,2.92,Diamond
Katarina,50.63,2.39,Diamond
Taliyah,50.62,2.53,Diamond
Aatrox,50.59,1.92,Diamond
Warwick,50.58,2.14,Diamond
Zoe,50.58,2.62,Diamond
Qiyana,50.57,2.17,Diamond
Cho'Gath,50.57,2.03,Diamond
Neeko,50.57,2.09,Diamond
Annie,50.56,2.27,Diamond
Yorick,50.54,1.41,Diamond
Zed,50.51,2.3,Diamond
Malphite,50.5,2.29,Diamond
Volibear,50.47,2.42,Diamond
Vladimir,50.47,2.36,Diamond
Galio,50.47,2.67,Diamond
Vel'Koz,50.43,2.33,Diamond
Taric,50.33,2.9,Diamond
Ekko,50.31,2.58,Diamond
Kayn,50.3,2.42,Diamond
Twitch,50.27,2.24,Diamond
Zilean,50.26,3.17,Diamond
Tryndamere,50.18,1.78,Diamond
Tristana,50.18,2.33,Diamond
Draven,50.17,2.01,Diamond
Jinx,50.15,2.33,Diamond
Xayah,50.08,2.28,Diamond
Skarner,50.08,2.64,Diamond
Yasuo,50.06,1.72,Diamond
Mordekaiser,50.05,1.79,Diamond
Darius,50.04,1.74,Diamond
Lulu,49.92,3.13,Diamond
Pyke,49.92,2.28,Diamond
Camille,49.91,1.84,Diamond
Wukong,49.91,1.98,Diamond
Sylas,49.89,2.08,Diamond
Zyra,49.87,2.07,Diamond
Miss Fortune,49.85,2.23,Diamond
Kennen,49.85,1.98,Diamond
Kog'Maw,49.82,2.05,Diamond
Dr. Mundo,49.82,2.0,Diamond
Orianna,49.8,2.53,Diamond
Vex,49.74,2.4,Diamond
Hecarim,49.73,3.09,Diamond
Urgot,49.71,1.84,Diamond
Sivir,49.62,2.45,Diamond
Kassadin,49.59,2.4,Diamond
Nautilus,49.58,2.39,Diamond
Irelia,49.57,1.56,Diamond
Seraphine,49.51,2.71,Diamond
Viktor,49.47,2.14,Diamond
Sett,49.35,1.7,Diamond
Sejuani,49.35,3.11,Diamond
Ivern,49.3,3.42,Diamond
Jax,49.19,1.49,Diamond
Karthus,49.04,2.16,Diamond
Swain,48.99,2.55,Diamond
Teemo,48.92,1.63,Diamond
Karma,48.91,2.77,Diamond
Samira,48.9,2.15,Diamond
Azir,48.77,2.12,Diamond
Xerath,48.73,2.76,Diamond
Jarvan IV,48.7,3.13,Diamond
Kalista,48.69,2.17,Diamond
Udyr,48.67,2.83,Diamond
Rakan,48.65,2.97,Diamond
Yuumi,48.62,4.12,Diamond
Malzahar,48.61,2.05,Diamond
Braum,48.52,2.83,Diamond
Yone,48.48,1.69,Diamond
Lux,48.46,2.68,Diamond
Zeri,48.44,2.26,Diamond
Xin Zhao,48.43,2.28,Diamond
Evelynn,48.42,3.01,Diamond
Graves,48.41,2.21,Diamond
Shyvana,48.34,2.59,Diamond
Caitlyn,48.26,2.19,Diamond
Alistar,48.25,2.51,Diamond
Viego,48.24,2.38,Diamond
Gnar,48.22,1.76,Diamond
Akali,48.16,2.18,Diamond
Morgana,48.16,2.52,Diamond
Gragas,48.06,2.23,Diamond
Sion,48.05,1.31,Diamond
Pantheon,47.97,1.95,Diamond
Leona,47.94,2.32,Diamond
Ezreal,47.77,2.22,Diamond
Gangplank,47.75,1.91,Diamond
Olaf,47.63,2.19,Diamond
Lillia,47.56,2.56,Diamond
Twisted Fate,47.51,2.25,Diamond
Varus,47.48,2.22,Diamond
LeBlanc,47.45,2.65,Diamond
Renekton,47.44,1.75,Diamond
Corki,47.4,2.09,Diamond
Nasus,47.34,1.79,Diamond
Kai'Sa,47.17,2.31,Diamond
Lee Sin,47.17,2.68,Diamond
Jayce,47.14,1.63,Diamond
Brand,47.08,1.73,Diamond
Thresh,46.46,2.58,Diamond
Amumu,46.41,2.4,Diamond
Gwen,46.37,1.8,Diamond
Syndra,46.08,2.09,Diamond
Master Yi,44.75,1.89,Diamond
Ryze,44.71,2.07,Diamond
Aphelios,44.59,1.85,Diamond
Janna,55.86,3.4,Master
Vi,54.88,2.51,Master
Riven,54.54,2.02,Master
Qiyana,53.8,2.23,Master
Sylas,53.79,2.2,Master
Senna,53.77,2.86,Master
Mordekaiser,53.73,1.86,Master
Quinn,53.72,1.96,Master
Bard,53.63,3.26,Master
Renata Glasc,53.58,3.05,Master
Talon,53.5,2.42,Master
Elise,53.42,2.74,Master
Kayn,53.28,2.52,Master
Kha'Zix,53.24,2.85,Master
Singed,53.2,2.55,Master
Ahri,53.19,2.78,Master
Kindred,53.12,2.43,Master
Soraka,52.93,2.87,Master
Garen,52.88,2.02,Master
Nocturne,52.85,2.71,Master
Cassiopeia,52.73,1.87,Master
Volibear,52.64,2.62,Master
Darius,52.61,1.83,Master
Maokai,52.55,2.12,Master
Sona,52.53,2.91,Master
Vel'Koz,52.52,2.41,Master
Aurelion Sol,52.51,2.7,Master
Taliyah,52.42,2.65,Master
Rengar,52.28,2.35,Master
Xayah,52.2,2.36,Master
Lissandra,52.18,2.43,Master
Blitzcrank,52.17,2.54,Master
Katarina,52.16,2.5,Master
Shen,52.06,2.9,Master
Diana,52.05,2.6,Master
Rakan,52.04,3.15,Master
Kalista,51.91,2.23,Master
Fiddlesticks,51.9,2.71,Master
Zoe,51.84,2.62,Master
Tryndamere,51.79,1.87,Master
Kayle,51.77,1.88,Master
Karthus,51.76,2.26,Master
Nidalee,51.75,3.3,Master
Akshan,51.71,2.12,Master
Heimerdinger,51.69,1.96,Master
Anivia,51.65,2.49,Master
Shaco,51.61,2.95,Master
Vex,51.59,2.45,Master
Tristana,51.57,2.4,Master
Jhin,51.55,3.1,Master
Veigar,51.55,2.25,Master
Rell,51.53,2.51,Master
Pantheon,51.52,2.15,Master
Aatrox,51.5,1.92,Master
Ashe,51.49,2.52,Master
Poppy,51.48,2.57,Master
Nami,51.44,3.4,Master
Lucian,51.41,2.12,Master
Vladimir,51.39,2.44,Master
Rek'Sai,51.37,2.49,Master
Ornn,51.28,2.32,Master
Warwick,51.2,1.93,Master
Fiora,51.19,1.62,Master
Trundle,51.15,2.54,Master
Nunu & Willump,51.07,3.01,Master
Jinx,51.02,2.38,Master
Skarner,51.0,2.86,Master
Urgot,50.9,1.85,Master
Twisted Fate,50.88,2.53,Master
Galio,50.82,2.75,Master
Jax,50.79,1.54,Master
Kassadin,50.76,2.43,Master
Malphite,50.67,2.19,Master
Shyvana,50.66,2.58,Master
Evelynn,50.66,3.17,Master
Kled,50.58,2.2,Master
Tahm Kench,50.57,2.42,Master
Yorick,50.55,1.5,Master
Illaoi,50.53,1.17,Master
Sivir,50.53,2.49,Master
Zilean,50.47,3.25,Master
Swain,50.42,2.44,Master
Samira,50.38,2.2,Master
Neeko,50.38,2.09,Master
Seraphine,50.34,2.79,Master
Karma,50.29,2.81,Master
Akali,50.29,2.22,Master
Nautilus,50.26,2.37,Master
Zac,50.26,3.21,Master
Renekton,50.22,1.79,Master
Vayne,50.21,1.97,Master
Twitch,50.19,2.26,Master
Pyke,50.06,2.32,Master
Fizz,50.06,2.54,Master
Irelia,50.01,1.55,Master
Yasuo,50.0,1.76,Master
Camille,49.99,1.84,Master
Gangplank,49.96,2.04,Master
Lulu,49.92,3.15,Master
Amumu,49.9,2.09,Master
Ekko,49.88,2.51,Master
Graves,49.78,2.26,Master
Lee Sin,49.67,2.88,Master
Draven,49.63,2.04,Master
Gnar,49.62,1.76,Master
Rumble,49.6,2.5,Master
Yuumi,49.59,4.17,Master
Hecarim,49.56,3.14,Master
Leona,49.54,2.32,Master
Kog'Maw,49.5,2.02,Master
Xin Zhao,49.49,2.38,Master
Wukong,49.46,2.02,Master
Rammus,49.44,3.5,Master
Viktor,49.41,2.11,Master
Zeri,49.36,2.31,Master
Zyra,49.33,2.3,Master
Brand,49.31,1.76,Master
Kennen,49.27,1.94,Master
Lillia,49.16,2.8,Master
Cho'Gath,49.13,1.97,Master
Varus,49.05,2.26,Master
Xerath,49.03,2.83,Master
Zed,48.98,2.32,Master
Orianna,48.95,2.52,Master
Viego,48.94,2.52,Master
Ziggs,48.91,2.37,Master
Gragas,48.83,2.3,Master
Sett,48.75,1.72,Master
Jarvan IV,48.69,3.23,Master
Alistar,48.45,2.47,Master
Morgana,48.45,2.52,Master
Malzahar,48.43,2.0,Master
Caitlyn,48.39,2.21,Master
Syndra,48.37,2.17,Master
Azir,48.33,1.98,Master
Ezreal,48.16,2.21,Master
Olaf,48.16,2.27,Master
Miss Fortune,48.15,2.24,Master
Udyr,48.13,2.97,Master
Yone,48.08,1.68,Master
LeBlanc,48.02,2.79,Master
Aphelios,47.86,1.98,Master
Thresh,47.84,2.67,Master
Braum,47.78,2.91,Master
Kai'Sa,47.77,2.35,Master
Lux,47.74,2.61,Master
Master Yi,47.72,2.05,Master
Annie,47.56,2.35,Master
Sejuani,47.46,3.14,Master
Corki,47.28,2.09,Master
Jayce,47.12,1.64,Master
Gwen,47.11,1.85,Master
Teemo,46.95,1.71,Master
Sion,46.92,1.36,Master
Taric,46.9,2.68,Master
Dr. Mundo,46.67,1.96,Master
Ivern,46.65,3.48,Master
Ryze,45.97,2.16,Master
Nasus,45.1,1.76,Master
